{
  "majority": {
    "val": {
      "accuracy": 0.6,
      "precision": 0.6,
      "recall": 1.0,
      "f1": 0.75,
      "roc_auc": 0.5,
      "confusion_matrix": [
        [
          0,
          24
        ],
        [
          0,
          36
        ]
      ]
    },
    "val_by_node_type": {
      "PORT": {
        "accuracy": 0.5,
        "precision": 0.5,
        "recall": 1.0,
        "f1": 0.6666666666666666,
        "roc_auc": 0.5,
        "count": 4
      },
      "PLANT": {
        "accuracy": 0.125,
        "precision": 0.125,
        "recall": 1.0,
        "f1": 0.2222222222222222,
        "roc_auc": 0.5,
        "count": 8
      },
      "WAREHOUSE": {
        "accuracy": 0.36363636363636365,
        "precision": 0.36363636363636365,
        "recall": 1.0,
        "f1": 0.5333333333333333,
        "roc_auc": 0.5,
        "count": 22
      },
      "DC": {
        "accuracy": 0.9615384615384616,
        "precision": 0.9615384615384616,
        "recall": 1.0,
        "f1": 0.9803921568627451,
        "roc_auc": 0.5,
        "count": 26
      }
    },
    "test": {
      "accuracy": 0.6,
      "precision": 0.6,
      "recall": 1.0,
      "f1": 0.75,
      "roc_auc": 0.5,
      "confusion_matrix": [
        [
          0,
          24
        ],
        [
          0,
          36
        ]
      ]
    },
    "test_by_node_type": {
      "PLANT": {
        "accuracy": 0.4,
        "precision": 0.4,
        "recall": 1.0,
        "f1": 0.5714285714285714,
        "roc_auc": 0.5,
        "count": 15
      },
      "WAREHOUSE": {
        "accuracy": 0.14285714285714285,
        "precision": 0.14285714285714285,
        "recall": 1.0,
        "f1": 0.25,
        "roc_auc": 0.5,
        "count": 14
      },
      "DC": {
        "accuracy": 0.9032258064516129,
        "precision": 0.9032258064516129,
        "recall": 1.0,
        "f1": 0.9491525423728814,
        "roc_auc": 0.5,
        "count": 31
      }
    }
  },
  "logistic_regression": {
    "val": {
      "accuracy": 0.7833333333333333,
      "precision": 0.896551724137931,
      "recall": 0.7222222222222222,
      "f1": 0.8,
      "roc_auc": 0.8171296296296294,
      "confusion_matrix": [
        [
          21,
          3
        ],
        [
          10,
          26
        ]
      ]
    },
    "val_by_node_type": {
      "PORT": {
        "accuracy": 0.25,
        "precision": 0.3333333333333333,
        "recall": 0.5,
        "f1": 0.4,
        "roc_auc": 0.5,
        "count": 4
      },
      "PLANT": {
        "accuracy": 0.875,
        "precision": 0.0,
        "recall": 0.0,
        "f1": 0.0,
        "roc_auc": 0.0,
        "count": 8
      },
      "WAREHOUSE": {
        "accuracy": 0.6363636363636364,
        "precision": 0.0,
        "recall": 0.0,
        "f1": 0.0,
        "roc_auc": 0.5267857142857143,
        "count": 22
      },
      "DC": {
        "accuracy": 0.9615384615384616,
        "precision": 0.9615384615384616,
        "recall": 1.0,
        "f1": 0.9803921568627451,
        "roc_auc": 0.76,
        "count": 26
      }
    },
    "test": {
      "accuracy": 0.8166666666666667,
      "precision": 0.9032258064516129,
      "recall": 0.7777777777777778,
      "f1": 0.835820895522388,
      "roc_auc": 0.8645833333333333,
      "confusion_matrix": [
        [
          21,
          3
        ],
        [
          8,
          28
        ]
      ]
    },
    "test_by_node_type": {
      "PLANT": {
        "accuracy": 0.6,
        "precision": 0.0,
        "recall": 0.0,
        "f1": 0.0,
        "roc_auc": 0.20370370370370372,
        "count": 15
      },
      "WAREHOUSE": {
        "accuracy": 0.8571428571428571,
        "precision": 0.0,
        "recall": 0.0,
        "f1": 0.0,
        "roc_auc": 0.6666666666666667,
        "count": 14
      },
      "DC": {
        "accuracy": 0.9032258064516129,
        "precision": 0.9032258064516129,
        "recall": 1.0,
        "f1": 0.9491525423728814,
        "roc_auc": 0.8928571428571428,
        "count": 31
      }
    }
  },
  "random_forest": {
    "val": {
      "accuracy": 0.7166666666666667,
      "precision": 0.7567567567567568,
      "recall": 0.7777777777777778,
      "f1": 0.7671232876712328,
      "roc_auc": 0.8495370370370371,
      "confusion_matrix": [
        [
          15,
          9
        ],
        [
          8,
          28
        ]
      ]
    },
    "val_by_node_type": {
      "PORT": {
        "accuracy": 0.5,
        "precision": 0.5,
        "recall": 0.5,
        "f1": 0.5,
        "roc_auc": 0.5,
        "count": 4
      },
      "PLANT": {
        "accuracy": 0.375,
        "precision": 0.16666666666666666,
        "recall": 1.0,
        "f1": 0.2857142857142857,
        "roc_auc": 0.7142857142857143,
        "count": 8
      },
      "WAREHOUSE": {
        "accuracy": 0.6363636363636364,
        "precision": 0.5,
        "recall": 0.25,
        "f1": 0.3333333333333333,
        "roc_auc": 0.6651785714285714,
        "count": 22
      },
      "DC": {
        "accuracy": 0.9230769230769231,
        "precision": 0.96,
        "recall": 0.96,
        "f1": 0.96,
        "roc_auc": 0.84,
        "count": 26
      }
    },
    "test": {
      "accuracy": 0.7833333333333333,
      "precision": 0.7948717948717948,
      "recall": 0.8611111111111112,
      "f1": 0.8266666666666667,
      "roc_auc": 0.9004629629629629,
      "confusion_matrix": [
        [
          16,
          8
        ],
        [
          5,
          31
        ]
      ]
    },
    "test_by_node_type": {
      "PLANT": {
        "accuracy": 0.6666666666666666,
        "precision": 0.5714285714285714,
        "recall": 0.6666666666666666,
        "f1": 0.6153846153846154,
        "roc_auc": 0.712962962962963,
        "count": 15
      },
      "WAREHOUSE": {
        "accuracy": 0.7857142857142857,
        "precision": 0.3333333333333333,
        "recall": 0.5,
        "f1": 0.4,
        "roc_auc": 0.625,
        "count": 14
      },
      "DC": {
        "accuracy": 0.8387096774193549,
        "precision": 0.896551724137931,
        "recall": 0.9285714285714286,
        "f1": 0.9122807017543859,
        "roc_auc": 0.8869047619047621,
        "count": 31
      }
    }
  }
}