{
  "graphsage": {
    "best_epoch": 1,
    "best_val_f1": 0.85333,
    "val": {
      "accuracy": 0.8166666666666667,
      "precision": 0.8205128205128205,
      "recall": 0.8888888888888888,
      "f1": 0.8533333333333334,
      "roc_auc": 0.835648148148148,
      "confusion_matrix": [
        [
          17,
          7
        ],
        [
          4,
          32
        ]
      ]
    },
    "val_by_node_type": {
      "PORT": {
        "accuracy": 0.5,
        "precision": 0.5,
        "recall": 1.0,
        "f1": 0.6666666666666666,
        "roc_auc": 0.25,
        "count": 4
      },
      "PLANT": {
        "accuracy": 0.625,
        "precision": 0.25,
        "recall": 1.0,
        "f1": 0.4,
        "roc_auc": 0.7142857142857143,
        "count": 8
      },
      "WAREHOUSE": {
        "accuracy": 0.7727272727272727,
        "precision": 0.8,
        "recall": 0.5,
        "f1": 0.6153846153846154,
        "roc_auc": 0.5535714285714286,
        "count": 22
      },
      "DC": {
        "accuracy": 0.9615384615384616,
        "precision": 0.9615384615384616,
        "recall": 1.0,
        "f1": 0.9803921568627451,
        "roc_auc": 0.44,
        "count": 26
      }
    },
    "test": {
      "accuracy": 0.7666666666666667,
      "precision": 0.7619047619047619,
      "recall": 0.8888888888888888,
      "f1": 0.8205128205128205,
      "roc_auc": 0.8252314814814814,
      "confusion_matrix": [
        [
          14,
          10
        ],
        [
          4,
          32
        ]
      ]
    },
    "test_by_node_type": {
      "PLANT": {
        "accuracy": 0.4,
        "precision": 0.36363636363636365,
        "recall": 0.6666666666666666,
        "f1": 0.47058823529411764,
        "roc_auc": 0.4444444444444445,
        "count": 15
      },
      "WAREHOUSE": {
        "accuracy": 0.8571428571428571,
        "precision": 0.0,
        "recall": 0.0,
        "f1": 0.0,
        "roc_auc": 0.4166666666666667,
        "count": 14
      },
      "DC": {
        "accuracy": 0.9032258064516129,
        "precision": 0.9032258064516129,
        "recall": 1.0,
        "f1": 0.9491525423728814,
        "roc_auc": 0.2976190476190476,
        "count": 31
      }
    }
  }
}