{
  "graphsage": {
    "best_epoch": 35,
    "best_val_f1": 0.86957,
    "config": {
      "hidden": 128,
      "dropout": 0.3,
      "lr": 0.01
    },
    "val": {
      "accuracy": 0.85,
      "precision": 0.9090909090909091,
      "recall": 0.8333333333333334,
      "f1": 0.8695652173913043,
      "roc_auc": 0.9027777777777778,
      "confusion_matrix": [
        [
          21,
          3
        ],
        [
          6,
          30
        ]
      ]
    },
    "val_by_node_type": {
      "PORT": {
        "accuracy": 1.0,
        "precision": 1.0,
        "recall": 1.0,
        "f1": 1.0,
        "roc_auc": 1.0,
        "count": 4
      },
      "PLANT": {
        "accuracy": 1.0,
        "precision": 1.0,
        "recall": 1.0,
        "f1": 1.0,
        "roc_auc": 1.0,
        "count": 8
      },
      "WAREHOUSE": {
        "accuracy": 0.6363636363636364,
        "precision": 0.5,
        "recall": 0.25,
        "f1": 0.3333333333333333,
        "roc_auc": 0.6875,
        "count": 22
      },
      "DC": {
        "accuracy": 0.9615384615384616,
        "precision": 0.9615384615384616,
        "recall": 1.0,
        "f1": 0.9803921568627451,
        "roc_auc": 1.0,
        "count": 26
      }
    },
    "test": {
      "accuracy": 0.85,
      "precision": 0.8648648648648649,
      "recall": 0.8888888888888888,
      "f1": 0.8767123287671232,
      "roc_auc": 0.9027777777777778,
      "confusion_matrix": [
        [
          19,
          5
        ],
        [
          4,
          32
        ]
      ]
    },
    "test_by_node_type": {
      "PLANT": {
        "accuracy": 0.6666666666666666,
        "precision": 0.6,
        "recall": 0.5,
        "f1": 0.5454545454545454,
        "roc_auc": 0.7592592592592593,
        "count": 15
      },
      "WAREHOUSE": {
        "accuracy": 0.9285714285714286,
        "precision": 1.0,
        "recall": 0.5,
        "f1": 0.6666666666666666,
        "roc_auc": 0.6666666666666667,
        "count": 14
      },
      "DC": {
        "accuracy": 0.9032258064516129,
        "precision": 0.9032258064516129,
        "recall": 1.0,
        "f1": 0.9491525423728814,
        "roc_auc": 0.7380952380952381,
        "count": 31
      }
    }
  }
}